global_pop,0
2020,7.6714948000000005
2025,8.0136956
2030,8.3276862
2035,8.6093016
2040,8.8571749
2045,9.0698142
2050,9.242538
2055,9.371594800000002
2060,9.459961599999998
2065,9.512051399999999
2070,9.5310997
2075,9.5198186
2080,9.4802248
2085,9.4144052
2090,9.3257092
2095,9.2189211
2100,9.103231300000001
2105,8.9882245
2110,8.8807648
2115,8.785747400000002
2120,8.7027803
2125,8.6305523
2130,8.5692963
2135,8.519410899999999
2140,8.4803026
2145,8.4517627
2150,8.4358133
